{"cameraMode":{"drawMode":0,"name":"Shaded","section":"Shading Mode"},"sceneLighting":true,"audioPlay":false,"sceneViewState":{"m_AlwaysRefresh":false,"showFog":true,"showSkybox":true,"showFlares":true,"showImageEffects":true,"showParticleSystems":true,"showVisualEffectGraphs":true,"m_FxEnabled":true},"in2DMode":false,"pivot":{"x":-0.32232925295829775,"y":0.9443745613098145,"z":-1.2236679792404175},"rotation":{"x":0.009246590547263623,"y":-0.9869943857192993,"z":0.061075400561094287,"w":0.14858166873455048},"size":1.0044370889663697,"orthographic":false}